region_code,mean_waiting_list,max_waiting_list,min_waiting_list,std_waiting_list,mean_pct_18wk,months_data
Q71,712581.119047619,841738,411919,130741.07450347424,66.48516428571429,84
Y58,838210.1785714285,1049586,527455,178854.86665431157,66.0622261904762,84
Y59,855527.2142857143,1125352,349636,264583.66845295986,66.15066785714286,84
Y60,702496.5119047619,831449,407826,115076.58765031578,69.91930595238095,84
Y61,1618406.8214285714,2168549,744286,489269.56340454693,64.4508761904762,84
Y62,731985.619047619,973653,293841,208644.7570435375,61.792947619047624,84
Y63,727802.630952381,903672,450585,135552.13842960226,62.66910476190477,84
